codon,protein1,protein3,codon_counts,protein_counts
CTT,L,Leu,602678,4214933
ATG,M,Met,918526,918526
ACA,T,Thr,685579,2330866
ACG,T,Thr,249600,2330866
ATC,I,Ile,833510,1834802
ATA,I,Ile,321250,1834802
AGG,R,Arg,505322,2395617
CCT,P,Pro,812155,2672838
AGC,S,Ser,828144,3581632
AGA,R,Arg,533828,2395617
ATT,I,Ile,680042,1834802
CTG,L,Leu,1611083,4214933
CTA,L,Leu,308072,4214933
CTC,L,Leu,792390,4214933
CCG,P,Pro,282818,2672838
AGT,S,Ser,549409,3581632
CCA,P,Pro,756446,2672838
CCC,P,Pro,821419,2672838
TAT,Y,Tyr,510661,1110966
GGT,G,Gly,476748,2764975
CGA,R,Arg,271693,2395617
CGC,R,Arg,407831,2395617
CGG,R,Arg,478799,2395617
GGG,G,Gly,676198,2764975
GGA,G,Gly,725304,2764975
GGC,G,Gly,886725,2764975
TAC,Y,Tyr,600305,1110966
CGT,R,Arg,198144,2395617
GTA,V,Val,318835,2556673
GTC,V,Val,606986,2556673
GTG,V,Val,1145393,2556673
GAG,E,Glu,1705024,3045123
GTT,V,Val,485459,2556673
GAC,D,Asp,1061770,2042720
AAG,K,Lys,1346948,2427484
AAA,K,Lys,1080536,2427484
AAC,N,Asn,781258,1519707
ACT,T,Thr,585527,2330866
CAT,H,His,476852,1101952
AAT,N,Asn,738449,1519707
CAC,H,His,625100,1101952
CAA,Q,Gln,554242,2041423
CAG,Q,Gln,1487181,2041423
TGT,C,Cys,431841,922223
TCT,S,Ser,678060,3581632
GAT,D,Asp,980950,2042720
TTT,F,Phe,721348,1515886
TGC,C,Cys,490382,922223
TGG,W,Trp,523517,523517
TTC,F,Phe,794538,1515886
TCG,S,Ser,182898,3581632
TTA,L,Leu,341774,4214933
TTG,L,Leu,558936,4214933
TCC,S,Ser,770098,3581632
GAA,E,Glu,1340099,3045123
TCA,S,Ser,573023,3581632
GCA,A,Ala,712960,2947106
GCC,A,Ala,1139759,2947106
GCG,A,Ala,292223,2947106
GCT,A,Ala,802164,2947106
ACC,T,Thr,810160,2330866
TAA,*,STOP,23937,90181
TAG,*,STOP,18725,90181
TGA,*,STOP,47519,90181
