Triplet,Amino acid,Fraction,Frequency/ Thousand,Number,codon,protein1,protein3,codon_counts,protein_counts,protein1_counts,codon_frequency,Fraction_self_count,Frequency_self_count/ Thousand
AAA,K,0.42,24,476554,AAA,K,Lys,1080536,2427484,2427484,0.025389041,0.4451259,25.3890409
AAC,N,0.54,19.5,387148,AAC,N,Asn,781258,1519707,1519707,0.018356993,0.514084623,18.35699256
AAG,K,0.58,32.9,654280,AAG,K,Lys,1346948,2427484,2427484,0.031648846,0.5548741,31.64884637
AAT,N,0.46,16.7,331714,AAT,N,Asn,738449,1519707,1519707,0.017351122,0.485915377,17.35112191
ACA,T,0.28,14.8,294223,ACA,T,Thr,685579,2330866,2330866,0.016108851,0.294130594,16.10885086
ACC,T,0.36,19.2,382050,ACC,T,Thr,810160,2330866,2330866,0.019036094,0.347578969,19.03609447
ACG,T,0.12,6.2,123533,ACG,T,Thr,249600,2330866,2330866,0.005864779,0.107084663,5.864778784
ACT,T,0.24,12.8,255582,ACT,T,Thr,585527,2330866,2330866,0.013757958,0.251205775,13.75795804
AGA,R,0.2,11.5,228151,AGA,R,Arg,533828,2395617,2395617,0.012543202,0.222835286,12.54320164
AGC,S,0.24,19.4,385113,AGC,S,Ser,828144,3581632,3581632,0.019458659,0.231219734,19.4586593
AGG,R,0.2,11.4,227281,AGG,R,Arg,505322,2395617,2395617,0.011873404,0.210936055,11.87340443
AGT,S,0.15,11.9,237404,AGT,S,Ser,549409,3581632,3581632,0.012909304,0.153396273,12.90930387
ATA,I,0.16,7.1,140652,ATA,I,Ile,321250,1834802,1834802,0.007548318,0.175087012,7.548318047
ATC,I,0.48,21.4,426570,ATC,I,Ile,833510,1834802,1834802,0.019584743,0.4542779,19.58474265
ATG,M,1,22.3,443795,ATG,M,Met,918526,918526,918526,0.021582339,1,21.58233893
ATT,I,0.36,15.7,313225,ATT,I,Ile,680042,1834802,1834802,0.01597875,0.370635088,15.97874958
CAA,Q,0.25,11.8,234785,CAA,Q,Gln,554242,2041423,2041423,0.013022863,0.271497872,13.02286347
CAC,H,0.59,14.9,297048,CAC,H,His,625100,1101952,1101952,0.014687793,0.567266088,14.68779334
CAG,Q,0.75,34.6,688316,CAG,Q,Gln,1487181,2041423,2041423,0.03494386,0.728502128,34.94386049
CAT,H,0.41,10.4,207826,CAT,H,His,476852,1101952,1101952,0.011204453,0.432733912,11.2044531
CCA,P,0.27,16.7,331944,CCA,P,Pro,756446,2672838,2672838,0.017773992,0.283012289,17.7739922
CCC,P,0.33,20,397790,CCC,P,Pro,821419,2672838,2672838,0.019300644,0.307320908,19.30064393
CCG,P,0.11,7,139414,CCG,P,Pro,282818,2672838,2672838,0.006645292,0.105811875,6.645292493
CCT,P,0.28,17.3,343793,CCT,P,Pro,812155,2672838,2672838,0.01908297,0.303854929,19.08297041
CGA,R,0.11,6.3,126113,CGA,R,Arg,271693,2395617,2395617,0.006383892,0.113412536,6.383891596
CGC,R,0.19,10.9,217130,CGC,R,Arg,407831,2395617,2395617,0.009582687,0.170240485,9.582686684
CGG,R,0.21,11.9,235938,CGG,R,Arg,478799,2395617,2395617,0.011250201,0.199864586,11.25020119
CGT,R,0.08,4.7,93458,CGT,R,Arg,198144,2395617,2395617,0.004655732,0.082711051,4.655732081
CTA,L,0.07,6.9,138154,CTA,L,Leu,308072,4214933,4214933,0.007238678,0.073090604,7.238678404
CTC,L,0.2,19.4,386182,CTC,L,Leu,792390,4214933,4214933,0.018618558,0.187995871,18.61855794
CTG,L,0.41,40.3,800774,CTG,L,Leu,1611083,4214933,4214933,0.03785515,0.382232173,37.85514983
CTT,L,0.13,12.8,253795,CTT,L,Leu,602678,4214933,4214933,0.01416095,0.142986377,14.16095011
GAA,E,0.42,29,577846,GAA,E,Glu,1340099,3045123,3045123,0.031487917,0.440080417,31.4879174
GAC,D,0.54,26,517579,GAC,D,Asp,1061770,2042720,2042720,0.024948102,0.519782447,24.94810164
GAG,E,0.58,40.8,810842,GAG,E,Glu,1705024,3045123,3045123,0.040062454,0.559919583,40.06245425
GAT,D,0.46,22.3,443369,GAT,D,Asp,980950,2042720,2042720,0.023049098,0.480217553,23.04909755
GCA,A,0.23,16,317338,GCA,A,Ala,712960,2947106,2947106,0.016752214,0.241918682,16.75221427
GCC,A,0.4,28.5,567930,GCC,A,Ala,1139759,2947106,2947106,0.026780587,0.38673838,26.78058655
GCG,A,0.11,7.6,150708,GCG,A,Ala,292223,2947106,2947106,0.006866279,0.099155918,6.866279049
GCT,A,0.26,18.6,370873,GCT,A,Ala,802164,2947106,2947106,0.018848215,0.27218702,18.84821478
GGA,G,0.25,16.3,325243,GGA,G,Gly,725304,2764975,2764975,0.017042258,0.262318466,17.04225766
GGC,G,0.34,22.8,453917,GGC,G,Gly,886725,2764975,2764975,0.02083512,0.320699102,20.83512006
GGG,G,0.25,16.4,326879,GGG,G,Gly,676198,2764975,2764975,0.015888428,0.24455845,15.88842822
GGT,G,0.16,10.8,215544,GGT,G,Gly,476748,2764975,2764975,0.011202009,0.172423982,11.20200944
GTA,V,0.11,7,139156,GTA,V,Val,318835,2556673,2556673,0.007491573,0.124706992,7.491573492
GTC,V,0.24,14.6,290874,GTC,V,Val,606986,2556673,2556673,0.014262174,0.23741245,14.26217394
GTG,V,0.47,28.9,575438,GTG,V,Val,1145393,2556673,2556673,0.026912967,0.448001367,26.91296701
GTT,V,0.18,10.9,216818,GTT,V,Val,485459,2556673,2556673,0.011406689,0.189879191,11.40668928
TAA,*,0.28,0.7,14322,TAA,*,STOP,23937,90181,90181,0.000562441,0.265432852,0.562440744
TAC,Y,0.57,15.6,310695,TAC,Y,Tyr,600305,1110966,1110966,0.014105192,0.540345069,14.10519242
TAG,*,0.2,0.5,10915,TAG,*,STOP,18725,90181,90181,0.000439976,0.207637973,0.439975892
TAT,Y,0.43,12,239268,TAT,Y,Tyr,510661,1110966,1110966,0.011998853,0.459654931,11.99885336
TCA,S,0.15,11.7,233110,TCA,S,Ser,573023,3581632,3581632,0.013464155,0.159989357,13.46415518
TCC,S,0.22,17.4,346943,TCC,S,Ser,770098,3581632,3581632,0.018094769,0.215013156,18.09476928
TCG,S,0.06,4.5,89429,TCG,S,Ser,182898,3581632,3581632,0.004297501,0.051065548,4.297501242
TCT,S,0.18,14.6,291040,TCT,S,Ser,678060,3581632,3581632,0.015932179,0.189315932,15.9321791
TGA,*,0.52,1.3,25383,TGA,*,STOP,47519,90181,90181,0.00111654,0.526929176,1.116540156
TGC,C,0.55,12.2,243685,TGC,C,Cys,490382,922223,922223,0.011522364,0.53173907,11.52236358
TGG,W,1,12.8,255512,TGG,W,Trp,523517,523517,523517,0.012300927,1,12.30092706
TGT,C,0.45,9.9,197293,TGT,C,Cys,431841,922223,922223,0.010146843,0.46826093,10.14684269
TTA,L,0.07,7.2,143715,TTA,L,Leu,341774,4214933,4214933,0.008030565,0.081086461,8.03056452
TTC,F,0.55,20.4,406571,TTC,F,Phe,794538,1515886,1515886,0.018669029,0.524140997,18.66902887
TTG,L,0.13,12.6,249879,TTG,L,Leu,558936,4214933,4214933,0.013133157,0.132608514,13.13315703
TTT,F,0.45,16.9,336562,TTT,F,Phe,721348,1515886,1515886,0.016949305,0.475859003,16.94930467
